timestamp,user_id,session_id,task_index,skill,task_id,answer_type,difficulty_before,difficulty_after,delta,difficulty_active_before,difficulty_active_after,difficulty_numerical_before,difficulty_logical_before,difficulty_pattern_before,difficulty_numerical_after,difficulty_logical_after,difficulty_pattern_after,question,answer,user_answer,is_correct,time_taken,expected_time,p_correct
2026-01-28T10:28:15.401988,LIMOUS,aa8ea750-20a3-47d6-95da-08d141eb8d2e,0,logical,LOG-IMP-0-3-2,yesno,0,3,3,0,3,0,3,0,0,3,0,"A is True.
B is True.
If A is True, then C is True.
If C is True, then A is True.
Is C True?",yes,yes,1,6.052873134613037,6.085390403933965,0.36039319435714623
2026-01-28T10:28:18.721651,LIMOUS,aa8ea750-20a3-47d6-95da-08d141eb8d2e,1,pattern,PAT-MP-0-4-2,integer,0,4,4,0,4,0,3,4,0,3,4,"3, 6, 12, 24, ?",48,48,1,3.313448667526245,8.88638731132419,0.39472677685962704
2026-01-28T10:28:21.467076,LIMOUS,aa8ea750-20a3-47d6-95da-08d141eb8d2e,2,logical,LOG-CONSTRAINT-3-3-2,yesno,3,6,3,3,6,0,6,4,0,6,4,"C is left of B.
C is left of A.
Is B left of C?",no,no,1,2.7367382049560547,7.8468521276708625,0.7564926570260025
2026-01-28T10:28:26.193935,LIMOUS,aa8ea750-20a3-47d6-95da-08d141eb8d2e,3,numerical,NUM-RATIO-INVERSE-0,integer,0,1,1,0,1,1,6,4,1,6,4,"15 -> 5, 24 -> ?",8,8,1,4.7205846309661865,3.170724053393301,0.7960360529831033
2026-01-28T10:28:30.305161,LIMOUS,aa8ea750-20a3-47d6-95da-08d141eb8d2e,4,logical,LOG-COMP-6-4,yesno,6,9,3,6,9,1,9,4,1,9,4,A is taller than D. D is taller than C. Is C taller than A?,no,no,1,4.099308729171753,12.437960419598927,0.7268374300827798
2026-01-28T10:28:34.528899,LIMOUS,aa8ea750-20a3-47d6-95da-08d141eb8d2e,5,pattern,PAT-MP-4-4-2,integer,4,7,3,4,7,1,9,7,1,9,7,"3, 6, 12, 24, ?",48,48,1,4.21699070930481,9.217198858558087,0.42722976372094396
2026-01-28T10:28:37.936953,LIMOUS,aa8ea750-20a3-47d6-95da-08d141eb8d2e,6,pattern,PAT-MP-7-5-2,integer,7,10,3,7,10,1,9,10,1,9,10,"5, 10, 20, 40, 80, ?",160,160,1,3.4029996395111084,9.472551758992001,0.4520428510504749
2026-01-28T10:28:40.617390,LIMOUS,aa8ea750-20a3-47d6-95da-08d141eb8d2e,7,numerical,NUM-DIV-1,integer,1,5,4,1,5,5,9,10,5,9,10,What is 5500 divided by 500?,11,11,1,2.675168991088867,4.894743837434962,0.1729760553937601
2026-01-28T10:28:44.248929,LIMOUS,aa8ea750-20a3-47d6-95da-08d141eb8d2e,8,logical,LOG-IMP-9-4-3,yesno,9,12,3,9,12,5,12,10,5,12,10,"C is True.
If B is True, then D is True.
If A is True, then D is True.
If C is True, then A is True.
Is D True?",yes,yes,1,3.6258676052093506,6.630022043527737,0.43255601125616755
2026-01-28T10:28:47.937077,LIMOUS,aa8ea750-20a3-47d6-95da-08d141eb8d2e,9,pattern,PAT-AP-10-5-10,integer,10,13,3,10,13,5,12,13,5,12,13,"6, 9, 12, 15, 18, ?",21,21,1,3.682093858718872,5.728186506777827,0.4137758394796496
2026-01-28T10:28:51.408613,LIMOUS,aa8ea750-20a3-47d6-95da-08d141eb8d2e,10,pattern,PAT-MP-13-6-2,integer,13,16,3,13,16,5,12,16,5,12,16,"10, 20, 40, 80, 160, 320, ?",640,640,1,3.46630859375,10.002562748076796,0.502266249805683
2026-01-28T10:28:57.504526,LIMOUS,aa8ea750-20a3-47d6-95da-08d141eb8d2e,11,numerical,NUM-NEARBOUNDARY-5,integer,5,8,3,5,8,8,12,16,8,12,16,What is 109 + 7?,116,116,1,6.090243339538574,4.897354943822563,0.19665582510594073
2026-01-28T10:29:26.065981,LIMOUS,aa8ea750-20a3-47d6-95da-08d141eb8d2e,12,pattern,PAT-MIXED-16-3-8-8,integer,16,18,2,16,18,8,12,18,8,12,18,"11, 22, 176, 528, 1056, 8448, 25344, ?",50688,50688,1,28.556348085403442,16.115386227885548,0.3431640206574741
2026-01-28T10:29:31.041573,LIMOUS,aa8ea750-20a3-47d6-95da-08d141eb8d2e,13,numerical,NUM-DIV-8,integer,8,11,3,8,11,11,12,18,11,12,18,What is 3600 divided by 180?,20,20,1,4.970043659210205,5.244243523903393,0.20922314880524007
2026-01-28T10:29:33.489856,LIMOUS,aa8ea750-20a3-47d6-95da-08d141eb8d2e,14,numerical,NUM-NEARBOUNDARY-11,integer,11,15,4,11,15,15,12,18,15,12,18,What is 101 + 3?,104,104,1,2.4429430961608887,5.195817343311374,0.23043742082676485
2026-01-28T10:29:36.944185,LIMOUS,aa8ea750-20a3-47d6-95da-08d141eb8d2e,15,numerical,NUM-DIV-15,integer,15,19,4,15,19,19,12,18,19,12,18,What is 2000 divided by 1000?,2,2,1,3.4489448070526123,5.614465066013085,0.25076275206532056
2026-01-28T10:30:05.234405,LIMOUS,aa8ea750-20a3-47d6-95da-08d141eb8d2e,16,numerical,NUM-SQUARE-19,integer,19,17,-2,19,17,17,12,18,17,12,18,What is 17^2?,289,389,0,28.284455060958862,6.3217441363059885,0.26372924457150043
2026-01-28T10:30:17.272144,LIMOUS,aa8ea750-20a3-47d6-95da-08d141eb8d2e,17,logical,LOG-COMP-12-6,yesno,12,14,2,12,14,17,14,18,17,14,18,C is faster than E. D is faster than E. E is faster than B. Is D faster than B?,yes,yes,1,12.031798839569092,13.11804936613086,0.764969540162502
2026-01-28T10:30:26.664277,LIMOUS,aa8ea750-20a3-47d6-95da-08d141eb8d2e,18,logical,LOG-CONSTRAINT-14-5-4,yesno,14,16,2,14,16,17,16,18,17,16,18,"C is left of D.
D is left of E.
C is left of E.
B is left of C.
Is B left of E?",yes,yes,1,9.386640787124634,8.684961283934102,0.8180118442502512
2026-01-28T10:30:40.088329,LIMOUS,aa8ea750-20a3-47d6-95da-08d141eb8d2e,19,numerical,NUM-NEARBOUNDARY-17,integer,17,19,2,17,19,19,16,18,19,16,18,What is 494 - 186?,308,308,1,13.41834282875061,5.5093847864608065,0.26808549483074323
2026-01-28T10:30:53.759806,LIMOUS,aa8ea750-20a3-47d6-95da-08d141eb8d2e,20,logical,LOG-COMP-16-8,yesno,16,18,2,16,18,19,18,18,19,18,18,E is older than F. F is older than D. G is older than B. B is older than E. Is B older than F?,yes,yes,1,13.665673732757568,13.590457901995588,0.7882559047525247
2026-01-28T10:30:58.097508,LIMOUS,aa8ea750-20a3-47d6-95da-08d141eb8d2e,21,numerical,NUM-RATIO-INVERSE-19,integer,19,21,2,19,21,21,18,18,21,18,18,"72 -> 8, 81 -> ?",9,9,1,4.332115173339844,3.8765089857538078,0.880769525471073
2026-01-28T10:31:01.735451,LIMOUS,aa8ea750-20a3-47d6-95da-08d141eb8d2e,22,numerical,NUM-RATIOSCALING-21,integer,21,23,2,21,23,23,18,18,23,18,18,"5 -> 40, 7 -> ?",56,56,1,3.6325347423553467,4.358098622163097,0.6602353096617966
2026-01-28T10:31:09.167782,LIMOUS,aa8ea750-20a3-47d6-95da-08d141eb8d2e,23,numerical,NUM-NEARBOUNDARY-23,integer,23,26,3,23,26,26,18,18,26,18,18,What is 1016 + 993?,2009,2009,1,7.4271910190582275,5.838821732527302,0.3094113775723027
2026-01-28T10:31:14.961209,LIMOUS,aa8ea750-20a3-47d6-95da-08d141eb8d2e,24,logical,LOG-CONSTRAINT-18-5-5,yesno,18,21,3,18,21,26,21,18,26,21,18,"A is left of B.
A is left of C.
C is left of D.
C is left of B.
D is left of A.
Is B left of D?",no,no,1,5.785052537918091,9.009032850862173,0.8371615771711474
2026-01-28T10:31:19.936307,LIMOUS,aa8ea750-20a3-47d6-95da-08d141eb8d2e,25,pattern,PAT-AP-18-6-15,integer,18,20,2,18,20,26,21,20,26,21,20,"40, 55, 70, 85, 100, 115, ?",130,130,1,4.968855142593384,6.185987759822588,0.48007780990768284
2026-01-28T10:31:25.832888,LIMOUS,aa8ea750-20a3-47d6-95da-08d141eb8d2e,26,pattern,PAT-CP-20-5-13,integer,20,22,2,20,22,26,21,22,26,21,22,"18, 14, 18, 16, 20, 18, 14, 18, 16, 20, 18, 14, 18, ?",16,16,1,5.890977144241333,4.838482543372122,0.5446831120578146
2026-01-28T10:31:32.392065,LIMOUS,aa8ea750-20a3-47d6-95da-08d141eb8d2e,27,logical,LOG-IMP-21-6-6,yesno,21,23,2,21,23,26,23,22,26,23,22,"E is True.
C is True.
If E is True, then B is True.
If B is True, then D is True.
If F is True, then A is True.
If F is True, then C is True.
If C is True, then E is True.
If E is True, then F is True.
Is A True?",yes,yes,1,6.5533201694488525,7.421868767204801,0.5328376950012801
2026-01-28T10:31:37.671394,LIMOUS,aa8ea750-20a3-47d6-95da-08d141eb8d2e,28,numerical,NUM-RATIOSCALING-26,integer,26,28,2,26,28,28,23,22,28,23,22,"10 -> 140, 9 -> ?",126,126,1,5.273844003677368,4.583139576477598,0.6968299040095037
2026-01-28T10:31:41.705240,LIMOUS,aa8ea750-20a3-47d6-95da-08d141eb8d2e,29,pattern,PAT-AP-22-7-15,integer,22,25,3,22,25,28,23,25,28,23,25,"29, 39, 49, 59, 69, 79, 89, ?",99,99,1,4.027527332305908,6.42644037960897,0.5136447304238898
2026-01-28T10:31:51.415403,LIMOUS,aa8ea750-20a3-47d6-95da-08d141eb8d2e,30,numerical,NUM-NEARBOUNDARY-28,integer,28,30,2,28,30,30,23,25,30,23,25,What is 979 + 1967?,2946,2946,1,9.704588651657104,6.126053281925954,0.3463848482814806
2026-01-28T10:31:56.863454,LIMOUS,aa8ea750-20a3-47d6-95da-08d141eb8d2e,31,logical,LOG-CONSTRAINT-23-7-5,yesno,23,26,3,23,26,30,26,25,30,26,25,"F is faster than G.
B is faster than E.
A is faster than C.
C is faster than B.
C is faster than G.
Is G faster than A?",no,no,1,5.442026376724243,9.429413747773303,0.8587762581979407
2026-01-28T10:32:30.447735,LIMOUS,aa8ea750-20a3-47d6-95da-08d141eb8d2e,32,pattern,PAT-MIXED-25-4-11-12,integer,25,26,1,25,26,30,26,26,30,26,26,"12, 19, 57, 513, 523, 530, 1590, 14310, 14320, 14327, ?",42981,42981,1,33.578773498535156,17.430992049464344,0.4141105743816509
2026-01-28T10:32:33.982581,LIMOUS,aa8ea750-20a3-47d6-95da-08d141eb8d2e,33,numerical,NUM-DIV-30,integer,30,34,4,30,34,34,26,26,34,26,26,What is 240 divided by 40?,6,6,1,3.5274810791015625,6.483384731788778,0.3564431801021315
2026-01-28T10:32:37.839892,LIMOUS,aa8ea750-20a3-47d6-95da-08d141eb8d2e,34,numerical,NUM-DIV-34,integer,34,38,4,34,38,38,26,26,38,26,26,What is 18000 divided by 2000?,9,9,1,3.851919412612915,6.73378864615231,0.3878135929288229
2026-01-28T10:32:42.903415,LIMOUS,aa8ea750-20a3-47d6-95da-08d141eb8d2e,35,logical,LOG-BOOL-26-4-3,boolean,26,29,3,26,29,38,29,26,38,29,26,"A is False.
B is False.
C is False.
D is False.
What is: (((C AND B) AND D) AND D)?",False,f,1,5.057933568954468,10.004283096871646,0.43768953443369535
2026-01-28T10:32:46.422461,LIMOUS,aa8ea750-20a3-47d6-95da-08d141eb8d2e,36,numerical,NUM-DIV-38,integer,38,41,3,38,41,41,29,26,41,29,26,What is 4000 divided by 500?,8,8,1,3.512380838394165,6.992571405460464,0.42014246650477316
2026-01-28T10:32:52.112445,LIMOUS,aa8ea750-20a3-47d6-95da-08d141eb8d2e,37,logical,LOG-CONSTRAINT-29-8-7,yesno,29,32,3,29,32,41,32,26,41,32,26,"F is above A.
G is above H.
A is above C.
D is above H.
D is above F.
H is above B.
A is above H.
Is B above F?",no,no,1,5.684678316116333,9.9572415421106,0.8814933246041063
2026-01-28T10:33:05.128243,LIMOUS,aa8ea750-20a3-47d6-95da-08d141eb8d2e,38,pattern,PAT-MP-26-7-3,integer,26,28,2,26,28,41,32,28,41,32,28,"28, 84, 252, 756, 2268, 6804, 20412, ?",61236,61236,1,13.010057926177979,11.244754652359749,0.6095964577682973
2026-01-28T10:33:08.598147,LIMOUS,aa8ea750-20a3-47d6-95da-08d141eb8d2e,39,numerical,NUM-RATIO-INVERSE-41,integer,41,44,3,41,44,44,32,28,44,32,28,"105 -> 7, 60 -> ?",4,4,1,3.463026285171509,4.844229609034928,0.9392615229608269
2026-01-28T10:33:14.631008,LIMOUS,aa8ea750-20a3-47d6-95da-08d141eb8d2e,40,pattern,PAT-CP-28-7-14,integer,28,30,2,28,30,44,32,30,44,32,30,"4, 3, 19, 17, 16, 5, 6, 4, 3, 19, 17, 16, 5, 6, ?",4,4,1,6.027496576309204,5.2357462966202135,0.6101297008304696
2026-01-28T13:26:32.570999,LIMOUS,e1cde8f5-59d8-4e03-a201-646dead3f4d3,0,pattern,PAT-AP-0-4-5,integer,0,4,4,0,4,0,0,4,0,0,4,"23, 26, 29, 32, ?",35,35,1,2.999316453933716,5.196728339923719,0.3353275639326408
2026-01-28T13:26:51.267001,LIMOUS,e1cde8f5-59d8-4e03-a201-646dead3f4d3,1,pattern,PAT-MIXED-4-2-5-3,integer,4,7,3,4,7,0,0,7,0,0,7,"14, 28, 84, 168, ?",504,504,1,18.683554649353027,14.506151640688724,0.2588036024454193
2026-01-28T13:26:56.157187,LIMOUS,e1cde8f5-59d8-4e03-a201-646dead3f4d3,2,logical,LOG-BOOL-0-2-1,boolean,0,4,4,0,4,0,4,7,0,4,7,"A is True.
B is False.
What is: (A AND A)?",True,t,1,4.881753921508789,7.8848333729712685,0.24533548435381258
2026-01-28T13:27:00.250574,LIMOUS,e1cde8f5-59d8-4e03-a201-646dead3f4d3,3,logical,LOG-CONSTRAINT-4-3-2,yesno,4,7,3,4,7,0,7,7,0,7,7,"C is left of B.
C is left of A.
Is A left of C?",no,no,1,4.0821099281311035,7.919948042278644,0.7626252408028866
2026-01-28T13:27:08.493381,LIMOUS,e1cde8f5-59d8-4e03-a201-646dead3f4d3,4,logical,LOG-COMP-7-4,yesno,7,9,2,7,9,0,9,7,0,9,7,C is taller than D. A is taller than C. Is D taller than A?,no,no,1,8.234322786331177,12.548989743154753,0.733453714328656
2026-01-28T13:27:13.420993,LIMOUS,e1cde8f5-59d8-4e03-a201-646dead3f4d3,5,pattern,PAT-MP-7-5-2,integer,7,10,3,7,10,0,9,10,0,9,10,"7, 14, 28, 56, 112, ?",224,224,1,4.918507814407349,9.472551758992001,0.4520428510504749
2026-01-28T13:27:15.894059,LIMOUS,e1cde8f5-59d8-4e03-a201-646dead3f4d3,6,numerical,NUM-NEARBOUNDARY-0,integer,0,4,4,0,4,4,9,10,4,9,10,What is 47 + 6?,53,53,1,2.4638428688049316,4.659648834865411,0.17147174734650392
2026-01-28T13:27:18.368679,LIMOUS,e1cde8f5-59d8-4e03-a201-646dead3f4d3,7,numerical,NUM-NEARBOUNDARY-4,integer,4,8,4,4,8,8,9,10,8,9,10,What is 13 + 9?,22,22,1,2.465116024017334,4.849028142888048,0.19140462801056207
2026-01-28T13:27:21.662037,LIMOUS,e1cde8f5-59d8-4e03-a201-646dead3f4d3,8,logical,LOG-CONSTRAINT-9-4-3,yesno,9,12,3,9,12,8,12,10,8,12,10,"D is left of B.
C is left of B.
A is left of D.
Is B left of A?",no,no,1,3.284313440322876,8.294587212145169,0.7916715870327321
2026-01-28T13:27:24.655603,LIMOUS,e1cde8f5-59d8-4e03-a201-646dead3f4d3,9,logical,LOG-IMP-12-4-4,yesno,12,15,3,12,15,8,15,10,8,15,10,"A is True.
D is True.
If C is True, then B is True.
If C is True, then D is True.
If A is True, then C is True.
If B is True, then A is True.
Is C True?",yes,yes,1,2.9844470024108887,6.820715039344056,0.45743139109218695
2026-01-28T13:27:27.557161,LIMOUS,e1cde8f5-59d8-4e03-a201-646dead3f4d3,10,pattern,PAT-MP-10-6-2,integer,10,13,3,10,13,8,15,13,8,15,13,"10, 20, 40, 80, 160, 320, ?",640,640,1,2.8935232162475586,9.734286555742376,0.4770966581068511
2026-01-28T13:27:39.558946,LIMOUS,e1cde8f5-59d8-4e03-a201-646dead3f4d3,11,pattern,PAT-MP-13-6-3,integer,13,15,2,13,15,8,15,15,8,15,15,"2, 6, 18, 54, 162, 486, ?",1458,1458,1,11.993793725967407,10.002562748076796,0.502266249805683
2026-01-28T13:27:42.817507,LIMOUS,e1cde8f5-59d8-4e03-a201-646dead3f4d3,12,numerical,NUM-NEARBOUNDARY-8,integer,8,12,4,8,12,12,15,15,12,15,15,What is 91 + 2?,93,93,1,3.2503104209899902,5.044744332111898,0.213058769804627
2026-01-28T13:27:48.625649,LIMOUS,e1cde8f5-59d8-4e03-a201-646dead3f4d3,13,logical,LOG-CONSTRAINT-15-6-4,yesno,15,18,3,15,18,12,18,15,12,18,15,"C is left of A.
F is left of A.
E is left of A.
F is left of D.
Is A left of C?",no,no,1,5.796666622161865,8.76498196165922,0.8229576936309875
2026-01-28T13:27:58.029315,LIMOUS,e1cde8f5-59d8-4e03-a201-646dead3f4d3,14,numerical,NUM-RATIOSCALING-12,integer,12,13,1,12,13,13,18,15,13,18,15,"3 -> 18, 2 -> ?",12,12,1,9.395544052124023,3.9756370747329415,0.5895523806854387
2026-01-28T13:28:00.630261,LIMOUS,e1cde8f5-59d8-4e03-a201-646dead3f4d3,15,numerical,NUM-RATIO-INVERSE-13,integer,13,16,3,13,16,16,18,15,16,18,15,"35 -> 5, 49 -> ?",7,7,1,2.592949151992798,3.641599773236745,0.8579360718767529
2026-01-28T13:28:08.043532,LIMOUS,e1cde8f5-59d8-4e03-a201-646dead3f4d3,16,logical,LOG-COMP-18-11,yesno,18,21,3,18,21,16,21,15,16,21,15,H is older than F. I is older than G. E is older than I. D is older than I. K is older than H. Is K older than F?,yes,yes,1,7.404732704162598,13.832557298933978,0.799248817542769
2026-01-28T13:28:17.908344,LIMOUS,e1cde8f5-59d8-4e03-a201-646dead3f4d3,17,logical,LOG-BOOL-21-4-4,boolean,21,24,3,21,24,16,24,15,16,24,15,"A is False.
B is True.
C is False.
D is False.
What is: ((((A OR (NOT C)) AND D) OR (NOT D)) AND D)?",False,f,1,9.856297492980957,9.560730802370477,0.39688804533195265
2026-01-28T13:28:21.974609,LIMOUS,e1cde8f5-59d8-4e03-a201-646dead3f4d3,18,numerical,NUM-RATIOSCALING-16,integer,16,18,2,16,18,18,24,15,18,24,15,"8 -> 72, 6 -> ?",54,54,1,4.05825138092041,4.142128447904348,0.6216220484718534
2026-01-28T13:28:39.021145,LIMOUS,e1cde8f5-59d8-4e03-a201-646dead3f4d3,19,logical,LOG-IMP-24-6-6,yesno,24,25,1,24,25,18,25,15,18,25,15,"C is True.
If F is True, then C is True.
If D is True, then F is True.
If D is True, then E is True.
If C is True, then E is True.
If B is True, then A is True.
If D is True, then C is True.
Is E True?",yes,yes,1,17.03841495513916,7.632351958004026,0.5578109760606795
2026-01-28T13:28:47.242263,LIMOUS,e1cde8f5-59d8-4e03-a201-646dead3f4d3,20,pattern,PAT-MP-15-6-3,integer,15,17,2,15,17,18,25,17,18,25,17,"17, 51, 153, 459, 1377, 4131, ?",12393,12393,1,8.212564468383789,10.185128218192846,0.5190474741772241
2026-01-28T13:28:54.233514,LIMOUS,e1cde8f5-59d8-4e03-a201-646dead3f4d3,21,pattern,PAT-AP-17-6-15,integer,17,19,2,17,19,18,25,19,18,25,19,"43, 51, 59, 67, 75, 83, ?",91,91,1,6.983039617538452,6.127101054970173,0.47170231276651137
2026-01-28T13:29:07.435591,LIMOUS,e1cde8f5-59d8-4e03-a201-646dead3f4d3,22,logical,LOG-COMP-25-20,yesno,25,27,2,25,27,18,27,19,18,27,19,P is faster than B. Q is faster than I. R is faster than P. K is faster than G. P is faster than E. T is faster than M. H is faster than P. Q is faster than J. N is faster than K. M is faster than P. Is B faster than H?,no,no,1,13.192955255508423,14.711980437320634,0.8343356600415766
2026-01-28T13:29:10.287740,LIMOUS,e1cde8f5-59d8-4e03-a201-646dead3f4d3,23,numerical,NUM-RATIOSCALING-18,integer,18,21,3,18,21,21,27,19,21,27,19,"3 -> 15, 2 -> ?",10,10,1,2.8452816009521484,4.227451760207461,0.6372851991461638
2026-01-28T13:29:36.247052,LIMOUS,e1cde8f5-59d8-4e03-a201-646dead3f4d3,24,pattern,PAT-MIXED-19-3-8-8,integer,19,22,3,19,22,21,27,22,21,27,22,"11, 15, 75, 225, 229, 1145, 3435, ?",3439,3439,1,25.952232360839844,16.543141777703042,0.36621638426403647
2026-01-28T13:29:52.935350,LIMOUS,e1cde8f5-59d8-4e03-a201-646dead3f4d3,25,logical,LOG-CONSTRAINT-27-9-8,yesno,27,28,1,27,28,21,28,22,21,28,22,"B is left of H.
F is left of A.
I is left of H.
G is left of E.
C is left of D.
F is left of D.
D is left of H.
C is left of H.
Is F left of H?",yes,yes,1,16.677765369415283,9.778395675144429,0.8742957098166678
2026-01-28T13:30:01.284022,LIMOUS,e1cde8f5-59d8-4e03-a201-646dead3f4d3,26,logical,LOG-BOOL-28-6-3,boolean,28,30,2,28,30,21,30,22,21,30,22,"A is False.
B is True.
C is False.
D is False.
E is False.
F is True.
What is: (NOT (((C OR (NOT E)) AND (NOT D)) OR (NOT D)))?",False,f,1,8.34052562713623,10.186877112726869,0.45428240616021087
2026-01-28T13:30:12.324463,LIMOUS,e1cde8f5-59d8-4e03-a201-646dead3f4d3,27,logical,LOG-BOOL-30-6-3,boolean,30,32,2,30,32,21,32,22,21,32,22,"A is False.
B is True.
C is False.
D is False.
E is False.
F is True.
What is: (NOT (((C OR E) AND (NOT B)) AND (NOT E)))?",True,t,1,11.031758546829224,10.372500910198271,0.470977449107876
2026-01-28T13:30:20.123418,LIMOUS,e1cde8f5-59d8-4e03-a201-646dead3f4d3,28,pattern,PAT-MP-22-7-2,integer,22,24,2,22,24,21,32,24,21,32,24,"11, 22, 44, 88, 176, 352, 704, ?",1408,1408,1,7.790954113006592,10.848295085689609,0.5772007919924808
2026-01-28T13:30:27.046387,LIMOUS,e1cde8f5-59d8-4e03-a201-646dead3f4d3,29,logical,LOG-IMP-32-8-8,yesno,32,34,2,32,34,21,34,24,21,34,24,"C is True.
If D is True, then B is True.
If C is True, then A is True.
If G is True, then H is True.
If G is True, then F is True.
If A is True, then F is True.
If H is True, then A is True.
If C is True, then H is True.
If D is True, then C is True.
Is A True?",yes,yes,1,6.913775205612183,8.219716998957717,0.622677765968486
2026-01-28T13:31:13.048615,LIMOUS,e1cde8f5-59d8-4e03-a201-646dead3f4d3,30,numerical,NUM-SQUARE-21,integer,21,23,2,21,23,23,34,24,23,34,24,What is 23^2?,529,529,1,45.99397826194763,6.443233801115924,0.276975668245274
2026-01-28T13:31:23.493474,LIMOUS,e1cde8f5-59d8-4e03-a201-646dead3f4d3,31,pattern,PAT-MIXED-24-2-10-10,integer,24,23,-1,24,23,23,34,23,23,34,23,"6, 18, 36, 108, 216, 648, 1296, 3888, 7776, ?",23328,15558,0,10.435604810714722,17.279956391566024,0.405987277608797
2026-01-28T13:31:35.628436,LIMOUS,e1cde8f5-59d8-4e03-a201-646dead3f4d3,32,numerical,NUM-RATIOSCALING-23,integer,23,24,1,23,24,24,34,23,24,34,23,"2 -> 18, 3 -> ?",27,27,1,12.12658953666687,4.447005526516298,0.675135389265075
2026-01-28T13:54:32.412311,LIMOUS,5d7b7bee-52cd-45a5-94c5-eff4e76442fe,0,numerical,NUM-SQUARE-0,integer,0,4,4,0,4,4,0,0,4,0,0,What is 4^2?,16,16,1,1.8837645053863525,5.262056416033111,0.15913057256047516
2026-01-28T13:54:34.358827,LIMOUS,5d7b7bee-52cd-45a5-94c5-eff4e76442fe,1,numerical,NUM-NEARBOUNDARY-4,integer,4,8,4,4,8,8,0,0,8,0,0,What is 49 + 4?,53,53,1,1.9377999305725098,4.849028142888048,0.19140462801056207
2026-01-28T13:54:36.604456,LIMOUS,5d7b7bee-52cd-45a5-94c5-eff4e76442fe,2,numerical,NUM-RATIO-INVERSE-8,integer,8,11,3,8,11,11,0,0,11,0,0,"15 -> 5, 21 -> ?",7,7,1,2.23484468460083,3.4545096909977175,0.8362173227830697
2026-01-28T13:54:38.992186,LIMOUS,5d7b7bee-52cd-45a5-94c5-eff4e76442fe,3,logical,LOG-BOOL-0-2-1,boolean,0,4,4,0,4,11,4,0,11,4,0,"A is True.
B is True.
What is: (B OR A)?",True,t,1,2.3792009353637695,7.8848333729712685,0.24533548435381258
2026-01-28T13:54:41.316218,LIMOUS,5d7b7bee-52cd-45a5-94c5-eff4e76442fe,4,numerical,NUM-RATIOSCALING-11,integer,11,14,3,11,14,14,4,0,14,4,0,"7 -> 35, 6 -> ?",30,30,1,2.3141651153564453,3.934863435580546,0.5814027290882641
2026-01-28T13:54:45.702457,LIMOUS,5d7b7bee-52cd-45a5-94c5-eff4e76442fe,5,pattern,PAT-AP-0-4-5,integer,0,3,3,0,3,14,4,3,14,4,3,"-42, -47, -52, -57, ?",-62,-62,1,4.377877712249756,5.196728339923719,0.3353275639326408
2026-01-28T13:54:50.421122,LIMOUS,5d7b7bee-52cd-45a5-94c5-eff4e76442fe,6,logical,LOG-COMP-4-3,yesno,4,7,3,4,7,14,7,3,14,7,3,C is faster than A. A is faster than B. Is B faster than C?,no,no,1,4.710002422332764,12.218623858269703,0.7133016938398693
2026-01-28T13:54:56.676146,LIMOUS,5d7b7bee-52cd-45a5-94c5-eff4e76442fe,7,numerical,NUM-RATIOSCALING-14,integer,14,15,1,14,15,15,7,3,15,7,3,"5 -> 30, 9 -> ?",54,54,1,6.246509075164795,4.058197796491535,0.6057010040835236
2026-01-28T13:55:00.657686,LIMOUS,5d7b7bee-52cd-45a5-94c5-eff4e76442fe,8,logical,LOG-IMP-7-4-3,yesno,7,6,-1,7,6,15,6,3,15,6,3,"D is True.
A is True.
If A is True, then D is True.
If C is True, then A is True.
If D is True, then B is True.
Is B True?",yes,tes,0,3.973323345184326,6.505483590843153,0.41615155065692994
2026-01-28T13:55:04.191126,LIMOUS,5d7b7bee-52cd-45a5-94c5-eff4e76442fe,9,pattern,PAT-CP-3-2-5,integer,3,5,2,3,5,15,6,5,15,6,5,"15, 1, 15, 1, 15, ?",1,1,1,3.517648935317993,4.076326259388973,0.40331676538727856
2026-01-28T13:55:07.985745,LIMOUS,5d7b7bee-52cd-45a5-94c5-eff4e76442fe,10,logical,LOG-CONSTRAINT-6-4-3,yesno,6,9,3,6,9,15,9,5,15,9,5,"C is faster than D.
B is faster than D.
A is faster than C.
Is A faster than D?",yes,yes,1,3.7538890838623047,8.067956696719987,0.7745682481378914
2026-01-28T13:55:10.757139,LIMOUS,5d7b7bee-52cd-45a5-94c5-eff4e76442fe,11,pattern,PAT-CP-5-3-6,integer,5,8,3,5,8,15,9,8,15,9,8,"3, 17, 8, 3, 17, 8, ?",3,3,1,2.7620396614074707,4.16055771629839,0.41957887645520414
2026-01-28T13:55:14.385890,LIMOUS,5d7b7bee-52cd-45a5-94c5-eff4e76442fe,12,pattern,PAT-CP-8-3-6,integer,8,10,2,8,10,15,9,10,15,9,10,"18, 5, 7, 18, 5, 7, ?",18,18,1,3.6190366744995117,4.289532731755745,0.44429229039037754
2026-01-28T13:55:18.243448,LIMOUS,5d7b7bee-52cd-45a5-94c5-eff4e76442fe,13,pattern,PAT-AP-10-5-10,integer,10,13,3,10,13,15,9,13,15,9,13,"42, 47, 52, 57, 62, ?",67,67,1,3.8486063480377197,5.728186506777827,0.4137758394796496
2026-01-28T13:55:22.814680,LIMOUS,5d7b7bee-52cd-45a5-94c5-eff4e76442fe,14,logical,LOG-CONSTRAINT-9-4-3,yesno,9,12,3,9,12,15,12,13,15,12,13,"A is left of B.
B is left of C.
A is left of C.
Is C left of B?",no,no,1,4.559247732162476,8.294587212145169,0.7916715870327321
2026-01-28T13:55:29.659471,LIMOUS,5d7b7bee-52cd-45a5-94c5-eff4e76442fe,15,pattern,PAT-MP-13-6-3,integer,13,15,2,13,15,15,12,15,15,12,15,"10, 30, 90, 270, 810, 2430, ?",7290,7290,1,6.836648941040039,10.002562748076796,0.502266249805683
2026-01-28T13:55:34.501877,LIMOUS,5d7b7bee-52cd-45a5-94c5-eff4e76442fe,16,pattern,PAT-CP-15-5-9,integer,15,17,2,15,17,15,12,17,15,12,17,"6, 14, 16, 9, 7, 6, 14, 16, 9, ?",7,7,1,4.833916664123535,4.603149418467881,0.5028265290970739
2026-01-28T13:55:35.944207,LIMOUS,5d7b7bee-52cd-45a5-94c5-eff4e76442fe,17,numerical,NUM-SQUARE-15,integer,15,19,4,15,19,19,12,17,19,12,17,What is 10^2?,100,100,1,1.4342877864837646,6.084681362084532,0.23848592078705025
2026-01-28T13:55:50.457811,LIMOUS,5d7b7bee-52cd-45a5-94c5-eff4e76442fe,18,numerical,NUM-SQUARE-19,integer,19,17,-2,19,17,17,12,17,17,12,17,What is 21^2?,441,443,0,14.505034685134888,6.3217441363059885,0.26372924457150043
2026-01-28T13:55:58.260310,LIMOUS,5d7b7bee-52cd-45a5-94c5-eff4e76442fe,19,pattern,PAT-AP-17-7-15,integer,17,19,2,17,19,17,12,19,17,12,19,"-31, -17, -3, 11, 25, 39, 53, ?",67,67,1,7.794470548629761,6.127101054970173,0.47170231276651137
2026-01-28T13:56:09.292668,LIMOUS,5d7b7bee-52cd-45a5-94c5-eff4e76442fe,20,pattern,PAT-AP-19-7-15,integer,19,20,1,19,20,17,12,20,17,12,20,"-43, -57, -71, -85, -99, -113, -127, ?",-141,-141,1,11.02403473854065,6.245361008079064,0.48846451998410145
2026-01-28T13:56:26.409781,LIMOUS,5d7b7bee-52cd-45a5-94c5-eff4e76442fe,21,pattern,PAT-MP-20-7-3,integer,20,21,1,20,21,17,12,21,17,12,21,"4, 12, 36, 108, 324, 972, 2916, ?",8748,8748,1,17.109061241149902,10.65490529880507,0.560731440041573
2026-01-28T13:56:28.138083,LIMOUS,5d7b7bee-52cd-45a5-94c5-eff4e76442fe,22,numerical,NUM-SQUARE-17,integer,17,21,4,17,21,21,12,21,21,12,21,What is 1^2?,1,1,1,1.720576524734497,6.20223744543588,0.250896498830953
2026-01-28T13:56:35.411135,LIMOUS,5d7b7bee-52cd-45a5-94c5-eff4e76442fe,23,logical,LOG-CONSTRAINT-12-5-4,yesno,12,14,2,12,14,21,14,21,21,14,21,"A is faster than E.
A is faster than D.
C is faster than D.
E is faster than B.
Is A faster than B?",yes,yes,1,7.26511812210083,8.526881780922128,0.8077992980727411
2026-01-28T13:56:43.471669,LIMOUS,5d7b7bee-52cd-45a5-94c5-eff4e76442fe,24,logical,LOG-BOOL-14-3-2,boolean,14,17,3,14,17,21,17,21,21,17,21,"A is False.
B is True.
C is False.
What is: ((B AND (NOT C)) AND (NOT C))?",True,t,1,8.053555488586426,8.969630841234002,0.3421979597178555
2026-01-28T13:56:48.615878,LIMOUS,5d7b7bee-52cd-45a5-94c5-eff4e76442fe,25,logical,LOG-COMP-17-9,yesno,17,20,3,17,20,21,20,21,21,20,21,B is faster than F. I is faster than H. B is faster than A. H is faster than C. Is C faster than I?,no,no,1,5.134991645812988,13.711009579530344,0.7938065856209672
2026-01-28T13:56:58.116299,LIMOUS,5d7b7bee-52cd-45a5-94c5-eff4e76442fe,26,numerical,NUM-DIV-21,integer,21,23,2,21,23,23,20,21,23,20,21,What is 16800 divided by 2400?,7,7,1,9.4932861328125,5.949220076308864,0.2904780882530472
2026-01-28T13:57:06.883052,LIMOUS,5d7b7bee-52cd-45a5-94c5-eff4e76442fe,27,logical,LOG-BOOL-20-4-3,boolean,20,23,3,20,23,23,23,21,23,23,21,"A is False.
B is True.
C is False.
D is True.
What is: (((C AND C) AND D) OR A)?",False,f,1,8.757966995239258,9.474189235842628,0.3888783510634424
2026-01-28T13:57:10.836393,LIMOUS,5d7b7bee-52cd-45a5-94c5-eff4e76442fe,28,pattern,PAT-AP-21-8-20,integer,21,24,3,21,24,23,23,24,23,23,24,"37, 43, 49, 55, 61, 67, 73, 79, ?",85,85,1,3.944424867630005,6.365583248014177,0.5052527103619466
2026-01-28T13:57:17.412915,LIMOUS,5d7b7bee-52cd-45a5-94c5-eff4e76442fe,29,pattern,PAT-MP-24-6-3,integer,24,27,3,24,27,23,23,27,23,23,27,"1, 3, 9, 27, 81, 243, ?",729,729,1,6.568281650543213,11.044893788366458,0.5935003032474743
2026-01-28T13:57:26.573510,LIMOUS,5d7b7bee-52cd-45a5-94c5-eff4e76442fe,30,logical,LOG-BOOL-23-4-4,boolean,23,25,2,23,25,23,25,27,23,25,27,"A is False.
B is True.
C is True.
D is True.
What is: ((((A AND C) OR D) OR C) AND A)?",False,f,1,9.152165174484253,9.735964957162347,0.41307039103007576
2026-01-28T13:57:32.873129,LIMOUS,5d7b7bee-52cd-45a5-94c5-eff4e76442fe,31,logical,LOG-IMP-25-8-6,yesno,25,27,2,25,27,23,27,27,23,27,27,"G is True.
F is True.
If G is True, then C is True.
If E is True, then A is True.
If F is True, then E is True.
If B is True, then H is True.
If F is True, then G is True.
If B is True, then G is True.
Is C True?",yes,yes,1,6.290899753570557,7.70367559408165,0.5660771364044515
2026-01-28T13:57:42.622251,LIMOUS,5d7b7bee-52cd-45a5-94c5-eff4e76442fe,32,logical,LOG-BOOL-27-4-5,boolean,27,29,2,27,29,23,29,27,23,29,27,"A is False.
B is True.
C is True.
D is False.
What is: (((((D AND A) AND (NOT B)) OR D) OR (NOT B)) AND (NOT D))?",False,f,1,9.74054217338562,10.095204491957801,0.4459709191301453
2026-01-28T13:57:58.290566,LIMOUS,5d7b7bee-52cd-45a5-94c5-eff4e76442fe,33,logical,LOG-COMP-29-25,yesno,29,31,2,29,31,23,31,27,23,31,27,P is heavier than B. A is heavier than D. A is heavier than E. D is heavier than T. N is heavier than Y. E is heavier than L. V is heavier than Y. J is heavier than W. W is heavier than V. O is heavier than L. K is heavier than V. P is heavier than L. Is Y heavier than J?,no,no,1,15.659440755844116,15.23772400723167,0.8520783254446374
2026-01-28T13:58:05.262037,LIMOUS,5d7b7bee-52cd-45a5-94c5-eff4e76442fe,34,logical,LOG-IMP-31-8-7,yesno,31,33,2,31,33,23,33,27,23,33,27,"F is True.
E is True.
If E is True, then G is True.
If F is True, then D is True.
If G is True, then D is True.
If D is True, then A is True.
If C is True, then F is True.
If A is True, then B is True.
If H is True, then B is True.
Is G True?",yes,yes,1,6.962755918502808,8.144164580572605,0.6147560468029823
2026-01-28T13:58:17.173152,LIMOUS,5d7b7bee-52cd-45a5-94c5-eff4e76442fe,35,logical,LOG-BOOL-33-6-3,boolean,33,35,2,33,35,23,35,27,23,35,27,"A is True.
B is False.
C is False.
D is False.
E is True.
F is False.
What is: (NOT (((C OR (NOT E)) OR (NOT B)) OR F))?",False,f,1,11.902104139328003,10.656727647174622,0.4961305121354655
2026-01-28T13:58:19.007656,LIMOUS,5d7b7bee-52cd-45a5-94c5-eff4e76442fe,36,numerical,NUM-SQUARE-23,integer,23,27,4,23,27,27,35,27,27,35,27,What is 4^2?,16,16,1,1.8082618713378906,6.5667393433426104,0.2906248009877599
2026-01-28T13:58:29.523321,LIMOUS,5d7b7bee-52cd-45a5-94c5-eff4e76442fe,37,logical,LOG-BOOL-35-6-3,boolean,35,37,2,35,37,27,37,27,27,37,27,"A is True.
B is False.
C is True.
D is False.
E is True.
F is True.
What is: (NOT (((F OR (NOT A)) OR (NOT A)) AND (NOT B)))?",False,f,1,10.50664472579956,10.850147672276783,0.5129179904282392
2026-01-28T13:58:38.942568,LIMOUS,5d7b7bee-52cd-45a5-94c5-eff4e76442fe,38,logical,LOG-COMP-37-20,yesno,37,40,3,37,40,27,40,27,27,40,27,Q is larger than S. T is larger than H. K is larger than T. N is larger than A. C is larger than L. M is larger than N. O is larger than R. N is larger than T. Q is larger than R. A is larger than L. Is H larger than N?,no,no,1,9.409075736999512,16.342576018931574,0.8828440317238124
2026-01-28T13:58:45.469670,LIMOUS,5d7b7bee-52cd-45a5-94c5-eff4e76442fe,39,logical,LOG-IMP-40-8-7,yesno,40,42,2,40,42,27,42,27,27,42,27,"F is True.
E is True.
If E is True, then F is True.
If F is True, then B is True.
If G is True, then H is True.
If D is True, then F is True.
If G is True, then D is True.
If D is True, then H is True.
If G is True, then A is True.
Is B True?",yes,yes,1,6.519681215286255,8.847047705469642,0.6834292741755768
2026-01-28T13:58:56.885550,LIMOUS,5d7b7bee-52cd-45a5-94c5-eff4e76442fe,40,numerical,NUM-DIV-27,integer,27,29,2,27,29,29,42,27,29,42,27,What is 25600 divided by 1600?,16,16,1,11.407448053359985,6.300916882471692,0.33368211738985115
2026-01-28T13:59:15.085343,LIMOUS,5d7b7bee-52cd-45a5-94c5-eff4e76442fe,41,pattern,PAT-MIXED-27-3-11-12,integer,27,29,2,27,29,29,42,29,29,42,29,"4, 12, 16, 20, 60, 64, 68, 204, 208, 212, ?",636,636,1,18.191532611846924,17.73681741081515,0.4304939027708259
2026-01-28T13:59:20.880474,LIMOUS,5d7b7bee-52cd-45a5-94c5-eff4e76442fe,42,numerical,NUM-RATIO-INVERSE-29,integer,29,31,2,29,31,31,42,29,31,42,29,"26 -> 2, 78 -> ?",6,6,1,5.787112236022949,4.294739442867602,0.911778486638825
2026-01-28T13:59:23.468661,LIMOUS,5d7b7bee-52cd-45a5-94c5-eff4e76442fe,43,numerical,NUM-RATIO-INVERSE-31,integer,31,34,3,31,34,34,42,29,34,42,29,"49 -> 7, 56 -> ?",8,8,1,2.579664707183838,4.382595028667199,0.9170335651312844
2026-01-28T13:59:26.306794,LIMOUS,5d7b7bee-52cd-45a5-94c5-eff4e76442fe,44,pattern,PAT-CP-29-8-13,integer,29,32,3,29,32,34,42,32,34,42,32,"9, 9, 3, 3, 2, 10, 4, 4, 9, 9, 3, 3, 2, ?",10,10,1,2.829711675643921,5.287268303796965,0.6180874515526482
2026-01-28T13:59:37.154648,LIMOUS,5d7b7bee-52cd-45a5-94c5-eff4e76442fe,45,numerical,NUM-RATIOSCALING-34,integer,34,35,1,34,35,35,42,32,35,42,32,"2 -> 30, 7 -> ?",105,105,1,10.839113712310791,4.963029208172619,0.7504276170492062
2026-01-28T21:23:10.590936,LIMOUS,8ced0838-4ae1-4a3a-a2b1-b38247ddfd03,0,numerical,NUM-SQUARE-0,integer,0,4,4,0,4,4,0,0,4,0,0,What is 3^2?,9,9,1,1.5281286239624023,5.262056416033111,0.15913057256047516
2026-01-28T21:23:13.293355,LIMOUS,8ced0838-4ae1-4a3a-a2b1-b38247ddfd03,1,logical,LOG-CONSTRAINT-0-3-2,yesno,0,3,3,0,3,4,3,0,4,3,0,"A is above C.
C is above B.
Is B above A?",no,no,1,2.6944286823272705,7.631138765493304,0.7374589825495539
2026-01-28T21:23:15.029346,LIMOUS,8ced0838-4ae1-4a3a-a2b1-b38247ddfd03,2,numerical,NUM-SQUARE-4,integer,4,8,4,4,8,8,3,0,8,3,0,What is 8^2?,64,64,1,1.729811429977417,5.471593075544826,0.17793694353513376
2026-01-28T21:23:23.101521,LIMOUS,8ced0838-4ae1-4a3a-a2b1-b38247ddfd03,3,logical,LOG-COMP-3-3,yesno,3,5,2,3,5,8,5,0,8,5,0,A is faster than C. C is faster than B. Is B faster than A?,no,no,1,8.066863775253296,12.110301769822915,0.7063854372004602
2026-01-28T21:23:25.701220,LIMOUS,8ced0838-4ae1-4a3a-a2b1-b38247ddfd03,4,numerical,NUM-RATIOSCALING-8,integer,8,11,3,8,11,11,5,0,11,5,0,"7 -> 21, 10 -> ?",30,30,1,2.5942673683166504,3.8145363442927156,0.5567029743983836
2026-01-28T21:23:29.997943,LIMOUS,8ced0838-4ae1-4a3a-a2b1-b38247ddfd03,5,logical,LOG-IMP-5-4-3,yesno,5,9,4,5,9,11,9,0,11,9,0,"A is True.
D is True.
If A is True, then D is True.
If D is True, then C is True.
If A is True, then B is True.
Is C True?",yes,yes,1,4.291457176208496,6.382977874906715,0.3999307471486204
2026-01-28T21:23:33.333292,LIMOUS,8ced0838-4ae1-4a3a-a2b1-b38247ddfd03,6,logical,LOG-BOOL-9-3-2,boolean,9,13,4,9,13,11,13,0,11,13,0,"A is False.
B is False.
C is False.
What is: ((B OR A) OR C)?",False,f,1,3.329726457595825,8.56778252489833,0.30546254015726537
2026-01-28T21:23:46.349184,LIMOUS,8ced0838-4ae1-4a3a-a2b1-b38247ddfd03,7,logical,LOG-BOOL-13-3-2,boolean,13,15,2,13,15,11,15,0,11,15,0,"A is False.
B is True.
C is True.
What is: (NOT ((B OR (NOT A)) OR A))?",False,f,1,13.010436773300171,8.887933136136635,0.33467950531286206
2026-01-28T21:23:50.693064,LIMOUS,8ced0838-4ae1-4a3a-a2b1-b38247ddfd03,8,pattern,PAT-AP-0-4-5,integer,0,3,3,0,3,11,15,3,11,15,3,"-26, -31, -36, -41, ?",-46,-46,1,4.338542938232422,5.196728339923719,0.3353275639326408
2026-01-28T21:23:52.924900,LIMOUS,8ced0838-4ae1-4a3a-a2b1-b38247ddfd03,9,pattern,PAT-CP-3-2-4,integer,3,6,3,3,6,11,15,6,11,15,6,"5, 9, 5, 9, ?",5,5,1,2.2268431186676025,4.076326259388973,0.40331676538727856
2026-01-28T21:23:56.469494,LIMOUS,8ced0838-4ae1-4a3a-a2b1-b38247ddfd03,10,numerical,NUM-RATIO-INVERSE-11,integer,11,13,2,11,13,13,15,6,13,15,6,"49 -> 7, 70 -> ?",10,10,1,3.5368247032165527,3.5658388317293257,0.8495518808931755
2026-01-28T21:24:11.229670,LIMOUS,8ced0838-4ae1-4a3a-a2b1-b38247ddfd03,11,logical,LOG-COMP-15-8,yesno,15,17,2,15,17,13,17,6,13,17,6,D is larger than A. H is larger than E. C is larger than D. A is larger than H. Is H larger than D?,no,no,1,14.75433874130249,13.470894104108233,0.7825967239447688
2026-01-28T21:24:15.006574,LIMOUS,8ced0838-4ae1-4a3a-a2b1-b38247ddfd03,12,numerical,NUM-RATIO-INVERSE-13,integer,13,15,2,13,15,15,17,6,15,17,6,"35 -> 5, 56 -> ?",8,8,1,3.7712550163269043,3.641599773236745,0.8579360718767529
2026-01-28T21:24:19.164949,LIMOUS,8ced0838-4ae1-4a3a-a2b1-b38247ddfd03,13,pattern,PAT-CP-6-3-6,integer,6,8,2,6,8,15,17,8,15,17,8,"14, 20, 18, 14, 20, 18, ?",14,14,1,4.153170108795166,4.203196123803724,0.4277782786698188
2026-01-28T21:24:24.734380,LIMOUS,8ced0838-4ae1-4a3a-a2b1-b38247ddfd03,14,numerical,NUM-NEARBOUNDARY-15,integer,15,18,3,15,18,18,17,8,18,17,8,What is 483 - 210?,273,273,1,5.56414794921875,5.403137556163212,0.2551142257505942
2026-01-28T21:24:28.503248,LIMOUS,8ced0838-4ae1-4a3a-a2b1-b38247ddfd03,15,pattern,PAT-CP-8-3-6,integer,8,10,2,8,10,18,17,10,18,17,10,"1, 17, 7, 1, 17, 7, ?",1,1,1,3.763155698776245,4.289532731755745,0.44429229039037754
2026-01-28T21:24:45.158468,LIMOUS,8ced0838-4ae1-4a3a-a2b1-b38247ddfd03,16,numerical,NUM-NEARBOUNDARY-18,integer,18,20,2,18,20,20,17,10,20,17,10,What is 515 + 496?,1011,1011,1,16.649410724639893,5.5631676945092075,0.27472567488536354
2026-01-28T21:24:49.868833,LIMOUS,8ced0838-4ae1-4a3a-a2b1-b38247ddfd03,17,logical,LOG-BOOL-17-4-2,boolean,17,21,4,17,21,20,21,10,20,21,10,"A is True.
B is False.
C is True.
D is False.
What is: ((A AND A) AND B)?",False,f,1,4.704493284225464,9.218796408705764,0.36522151152589816
2026-01-28T21:24:54.244763,LIMOUS,8ced0838-4ae1-4a3a-a2b1-b38247ddfd03,18,logical,LOG-IMP-21-7-5,yesno,21,24,3,21,24,20,24,10,20,24,10,"A is True.
B is True.
If E is True, then A is True.
If C is True, then E is True.
If G is True, then E is True.
If D is True, then A is True.
If B is True, then D is True.
Is D True?",yes,yes,1,4.3704962730407715,7.421868767204801,0.5328376950012801
2026-01-28T21:24:58.773149,LIMOUS,8ced0838-4ae1-4a3a-a2b1-b38247ddfd03,19,logical,LOG-CONSTRAINT-24-6-5,yesno,24,27,3,24,27,20,27,10,20,27,10,"C is faster than E.
D is faster than E.
A is faster than B.
F is faster than B.
A is faster than E.
Is E faster than C?",no,no,1,4.520096778869629,9.515585362909944,0.8628000744540298
2026-01-28T21:25:08.188841,LIMOUS,8ced0838-4ae1-4a3a-a2b1-b38247ddfd03,20,logical,LOG-COMP-27-22,yesno,27,25,-2,27,25,20,25,10,20,25,10,K is taller than J. E is taller than J. V is taller than G. A is taller than R. S is taller than H. O is taller than U. K is taller than F. N is taller than D. F is taller than S. S is taller than G. T is taller than G. Is F taller than H?,yes,no,0,9.410330057144165,14.972689252227871,0.843411525260116
2026-01-28T21:25:20.675979,LIMOUS,8ced0838-4ae1-4a3a-a2b1-b38247ddfd03,21,pattern,PAT-MP-10-5-3,integer,10,12,2,10,12,20,25,12,20,25,12,"6, 18, 54, 162, 486, ?",1458,1458,1,12.481494665145874,9.734286555742376,0.4770966581068511
2026-01-28T21:25:25.206033,LIMOUS,8ced0838-4ae1-4a3a-a2b1-b38247ddfd03,22,pattern,PAT-CP-12-3-9,integer,12,14,2,12,14,20,25,14,20,25,14,"11, 14, 9, 11, 14, 9, 11, 14, 9, ?",11,11,1,4.5246241092681885,4.466527467247458,0.4776558048181517
2026-01-28T21:25:34.140260,LIMOUS,8ced0838-4ae1-4a3a-a2b1-b38247ddfd03,23,numerical,NUM-NEARBOUNDARY-20,integer,20,22,2,20,22,22,25,14,22,25,14,What is 475 + 975?,1450,1450,1,8.928508996963501,5.672070304113316,0.288308142675017
2026-01-28T21:25:43.540213,LIMOUS,8ced0838-4ae1-4a3a-a2b1-b38247ddfd03,24,logical,LOG-IMP-25-9-7,yesno,25,27,2,25,27,22,27,14,22,27,14,"A is True.
C is True.
If A is True, then F is True.
If E is True, then G is True.
If C is True, then A is True.
If H is True, then D is True.
If F is True, then B is True.
If B is True, then E is True.
If F is True, then D is True.
Is E True?",yes,yes,1,9.394427061080933,7.70367559408165,0.5660771364044515
2026-01-28T21:25:49.092415,LIMOUS,8ced0838-4ae1-4a3a-a2b1-b38247ddfd03,25,logical,LOG-IMP-27-7-6,yesno,27,29,2,27,29,22,29,14,22,29,14,"A is True.
D is True.
If E is True, then A is True.
If B is True, then F is True.
If C is True, then E is True.
If F is True, then G is True.
If A is True, then B is True.
If B is True, then E is True.
Is E True?",yes,yes,1,5.546545743942261,7.848095640842921,0.5824952942616046
2026-01-28T21:26:02.028334,LIMOUS,8ced0838-4ae1-4a3a-a2b1-b38247ddfd03,26,numerical,NUM-NEARBOUNDARY-22,integer,22,24,2,22,24,24,29,14,24,29,14,What is 988 + 529?,1517,1517,1,12.928821086883545,5.782779934188426,0.3022822513687605
2026-01-28T21:26:28.436049,LIMOUS,8ced0838-4ae1-4a3a-a2b1-b38247ddfd03,27,pattern,PAT-MIXED-14-3-7-6,integer,14,16,2,14,16,24,29,16,24,29,16,"16, 32, 192, 198, 396, 2376, ?",2382,2382,1,26.401972770690918,15.836026128299991,0.32818896826541977
2026-01-28T21:26:32.779554,LIMOUS,8ced0838-4ae1-4a3a-a2b1-b38247ddfd03,28,pattern,PAT-AP-16-6-15,integer,16,18,2,16,18,24,29,18,24,29,18,"-40, -42, -44, -46, -48, -50, ?",-52,-52,1,4.337597608566284,6.06869690646551,0.46334271683279077
2026-01-28T21:26:36.899972,LIMOUS,8ced0838-4ae1-4a3a-a2b1-b38247ddfd03,29,logical,LOG-BOOL-29-4-3,boolean,29,32,3,29,32,24,32,18,24,32,18,"A is False.
B is True.
C is False.
D is True.
What is: (NOT (((B OR C) OR B) OR C))?",False,f,1,4.114831924438477,10.279307166079063,0.4626194502163273
2026-01-28T21:26:45.499794,LIMOUS,8ced0838-4ae1-4a3a-a2b1-b38247ddfd03,30,logical,LOG-IMP-32-9-8,yesno,32,34,2,32,34,24,34,18,24,34,18,"G is True.
H is True.
If F is True, then H is True.
If D is True, then H is True.
If H is True, then I is True.
If H is True, then C is True.
If F is True, then G is True.
If A is True, then E is True.
If A is True, then I is True.
If H is True, then F is True.
Is I True?",yes,yes,1,8.593893766403198,8.219716998957717,0.622677765968486
2026-01-28T21:26:49.099445,LIMOUS,8ced0838-4ae1-4a3a-a2b1-b38247ddfd03,31,numerical,NUM-RATIOSCALING-24,integer,24,26,2,24,26,26,34,18,26,34,18,"3 -> 27, 5 -> ?",45,45,1,3.5945749282836914,4.492010670163834,0.6824568519813862
2026-01-28T21:26:54.179742,LIMOUS,8ced0838-4ae1-4a3a-a2b1-b38247ddfd03,32,pattern,PAT-AP-18-7-15,integer,18,20,2,18,20,26,34,20,26,34,20,"7, 10, 13, 16, 19, 22, 25, ?",28,28,1,5.075115442276001,6.185987759822588,0.48007780990768284
2026-01-28T21:27:00.043744,LIMOUS,8ced0838-4ae1-4a3a-a2b1-b38247ddfd03,33,numerical,NUM-NEARBOUNDARY-26,integer,26,29,3,26,29,29,34,20,29,34,20,What is 967 + 2033?,3000,3000,1,5.858283281326294,6.009740688801563,0.3313401456545489
2026-01-28T21:27:05.947839,LIMOUS,8ced0838-4ae1-4a3a-a2b1-b38247ddfd03,34,logical,LOG-IMP-34-8-7,yesno,34,36,2,34,36,29,36,20,29,36,20,"H is True.
C is True.
If H is True, then D is True.
If E is True, then H is True.
If H is True, then E is True.
If C is True, then F is True.
If A is True, then E is True.
If H is True, then A is True.
If F is True, then D is True.
Is F True?",yes,yes,1,5.897368431091309,8.372699718237902,0.6383226417194583
2026-01-28T21:27:16.757712,LIMOUS,8ced0838-4ae1-4a3a-a2b1-b38247ddfd03,35,logical,LOG-BOOL-36-6-5,boolean,36,38,2,36,38,29,38,20,29,38,20,"A is True.
B is False.
C is False.
D is True.
E is True.
F is False.
What is: (NOT (((((E OR D) AND (NOT F)) OR C) AND A) AND D))?",False,f,1,10.803339958190918,10.948057908578015,0.5213031766742392
2026-01-28T21:27:54.723651,LIMOUS,8ced0838-4ae1-4a3a-a2b1-b38247ddfd03,36,pattern,PAT-MIXED-20-4-9-10,integer,20,19,-1,20,19,29,38,19,29,38,19,"1, 4, 9, 15, 105, 108, 113, 119, ?",833,833.,0,37.95929956436157,16.688089604888305,0.3740450025384663
2026-01-28T21:28:08.340101,LIMOUS,8ced0838-4ae1-4a3a-a2b1-b38247ddfd03,37,logical,LOG-COMP-38-25,yesno,38,40,2,38,40,29,40,19,29,40,19,S is taller than Y. F is taller than O. A is taller than Q. W is taller than T. E is taller than C. S is taller than N. W is taller than Y. I is taller than B. U is taller than G. M is taller than W. L is taller than D. X is taller than N. Is M taller than Y?,yes,yes,1,13.606376647949219,16.485866698764884,0.8862729106116347
2026-01-28T21:28:12.234751,LIMOUS,8ced0838-4ae1-4a3a-a2b1-b38247ddfd03,38,pattern,PAT-AP-19-6-15,integer,19,22,3,19,22,29,40,22,29,40,22,"45, 43, 41, 39, 37, 35, ?",33,33,1,3.8890414237976074,6.245361008079064,0.48846451998410145
