timestamp,user_id,session_id,start_time,end_time,total_attempts,total_correct,accuracy
2026-01-17T23:07:43.829841,test_user,03df68af-e246-46c5-9452-95cdcb1df4b4,2026-01-17T23:06:20,2026-01-17T23:07:43,6,6,1.0
2026-01-17T23:58:45.050494,test_user,ef281815-a343-427a-945f-2b13ef7ef137,2026-01-17T23:53:28,2026-01-17T23:58:45,21,19,0.9048
2026-01-18T00:17:11.667583,test_user,e9ec70b9-0a0f-499f-950a-1b4fb2818126,2026-01-18T00:12:01,2026-01-18T00:17:11,18,17,0.9444
2026-01-18T00:23:24.679051,test_user,11d3b8a3-a71f-40cb-a2c4-a07b12853165,2026-01-18T00:18:20,2026-01-18T00:23:24,25,25,1.0
2026-01-18T01:03:25.894560,test_user,bdec6129-9303-43e6-823e-f08b6afa3f67,2026-01-18T00:58:25,2026-01-18T01:03:25,21,20,0.9524
2026-01-18T01:10:41.316712,test_user,73f01bf4-2359-4805-903e-e0612e0cbb92,2026-01-18T01:05:34,2026-01-18T01:10:41,25,24,0.96
2026-01-19T00:15:25.175370,test_user,ae2c6039-2c65-4504-af92-393b5410add1,2026-01-19T00:10:12,2026-01-19T00:15:25,31,29,0.9355
2026-01-19T12:06:10.316517,test_user,0f809a42-6225-4509-aea3-0f4e0773a483,2026-01-19T12:00:49,2026-01-19T12:06:10,32,31,0.9688
2026-01-19T13:08:27.688013,test_user,817742fc-847d-44dd-ad2e-3e962c22a153,2026-01-19T13:02:30,2026-01-19T13:08:27,27,25,0.9259
2026-01-19T14:14:53.873337,test_user,47940493-69bf-4ad9-ac5b-4b747c373472,2026-01-19T14:09:51,2026-01-19T14:14:53,32,32,1.0
2026-01-21T11:24:29.068022,test_user,4c130812-9661-45c6-927a-e969d6c51045,2026-01-21T11:19:25,2026-01-21T11:24:29,31,29,0.9355
2026-01-21T11:41:05.612806,test_user,31afca0d-7fe0-4ccf-bc0c-e1dba0f4504f,2026-01-21T11:35:58,2026-01-21T11:41:05,26,26,1.0
2026-01-22T11:21:19.724843,test_user,a419b4b6-7343-47fe-8546-44476a439074,2026-01-22T11:16:15,2026-01-22T11:21:19,31,29,0.9355
2026-01-22T11:30:50.749569,test_user,ef69ebb6-e5d2-44a8-b6b4-41c42435ac06,2026-01-22T11:25:28,2026-01-22T11:30:50,21,19,0.9048
2026-01-23T15:24:58.336160,test_user,e3bcb844-e112-42b2-8697-ff02382ce623,2026-01-23T15:19:51,2026-01-23T15:24:58,47,15,0.3191
2026-01-23T15:31:52.818660,test_user,10516fbe-a8a6-47aa-b745-24a153454546,2026-01-23T15:26:46,2026-01-23T15:31:52,32,28,0.875
2026-01-24T13:26:43.383968,test_user,a30a708d-20f2-44dc-b57b-76f79983fa81,2026-01-24T13:21:41,2026-01-24T13:26:43,29,29,1.0
2026-01-24T13:50:28.076131,test_user,df034828-9646-40e0-98ba-70fa2a35de2d,2026-01-24T13:44:59,2026-01-24T13:50:28,31,28,0.9032
2026-01-24T13:59:16.265914,test_user,bcff2293-20ce-4b40-8695-25f88a6f1623,2026-01-24T13:54:12,2026-01-24T13:59:16,19,19,1.0
2026-01-24T15:53:12.597234,test_user,b099a1ba-10ac-45cc-bfbf-3eec7607da81,2026-01-24T15:48:12,2026-01-24T15:53:12,23,22,0.9565
2026-01-24T16:13:17.660146,test_user,33475bc5-3546-4c2b-bc93-679dfb9afe88,2026-01-24T16:08:10,2026-01-24T16:13:17,31,30,0.9677
2026-01-24T16:52:09.614638,test_user,204f3826-89a5-4e67-80c0-2fee2e34bdb3,2026-01-24T16:47:01,2026-01-24T16:52:09,35,32,0.9143
2026-01-24T17:20:44.984848,test_user,1bdecece-f91e-4dec-85f1-79e222798634,2026-01-24T17:15:40,2026-01-24T17:20:44,29,29,1.0
2026-01-25T13:44:18.646272,test_user,6df69c78-f14d-411e-87c8-a997189afbfc,2026-01-25T13:39:06,2026-01-25T13:44:18,32,30,0.9375
2026-01-25T13:50:00.628080,test_user,cd9bd413-8e19-435a-84a5-db50bdcb7c4d,2026-01-25T13:44:51,2026-01-25T13:50:00,34,34,1.0
2026-01-26T01:16:12.755972,test_user,e187c4ca-80be-4bec-b5d1-78196bd8f1c6,2026-01-26T01:11:02,2026-01-26T01:16:12,37,36,0.973
2026-01-26T01:28:05.115714,test_user,f2d0a716-2649-4917-897c-d40003556b9b,2026-01-26T01:23:03,2026-01-26T01:28:05,37,34,0.9189
2026-01-26T01:48:46.800022,test_user,3e655a1b-2197-45a9-b9fd-67f8cca78596,2026-01-26T01:43:46,2026-01-26T01:48:46,38,36,0.9474
2026-01-27T16:29:29.400736,test_user,943dfcd2-40f9-4e9f-bb70-5fe46490783d,2026-01-27T16:24:09,2026-01-27T16:29:29,33,32,0.9697
2026-01-27T17:11:08.595367,LIMOUS,65605087-28a2-4543-a3bc-e897a5371ec2,2026-01-27T17:06:01,2026-01-27T17:11:08,35,34,0.9714
2026-01-27T17:16:23.756097,LIMOUS,b36294c3-cde5-498a-97ef-3a304974e534,2026-01-27T17:11:20,2026-01-27T17:16:23,31,28,0.9032
2026-01-28T09:47:22.448460,LIMOUS,302d2686-7127-4be2-b202-3d1677df8b30,2026-01-28T09:42:01,2026-01-28T09:47:22,44,39,0.8864
2026-01-28T10:33:14.632511,LIMOUS,aa8ea750-20a3-47d6-95da-08d141eb8d2e,2026-01-28T10:28:09,2026-01-28T10:33:14,41,40,0.9756
2026-01-28T13:31:35.629907,LIMOUS,e1cde8f5-59d8-4e03-a201-646dead3f4d3,2026-01-28T13:26:29,2026-01-28T13:31:35,33,32,0.9697
2026-01-28T13:59:37.156075,LIMOUS,5d7b7bee-52cd-45a5-94c5-eff4e76442fe,2026-01-28T13:54:30,2026-01-28T13:59:37,46,44,0.9565
2026-01-28T21:28:12.235971,LIMOUS,8ced0838-4ae1-4a3a-a2b1-b38247ddfd03,2026-01-28T21:23:09,2026-01-28T21:28:12,39,37,0.9487
2026-01-29T01:23:47.328353,LIMOUS,66cfe152-c039-4c8b-a59a-6ba26508c627,2026-01-29T01:18:45,2026-01-29T01:23:47,35,34,0.9714
2026-01-29T01:29:10.863074,LIMOUS,19824f33-c080-4fcc-b5b8-853743909886,2026-01-29T01:24:03,2026-01-29T01:29:10,47,47,1.0
2026-01-29T02:01:20.361761,LIMOUS,22762322-99ff-4319-8829-d8a071f936b3,2026-01-29T01:56:18,2026-01-29T02:01:20,39,38,0.9744
2026-01-29T11:10:55.762273,LIMOUS,d5f1f66b-a620-44a4-afd9-ce4d638c52d8,2026-01-29T11:05:52,2026-01-29T11:10:55,43,42,0.9767
2026-01-29T11:16:47.088471,LIMOUS,d72432b5-38ff-40aa-87f5-0673e72024ff,2026-01-29T11:11:40,2026-01-29T11:16:47,27,26,0.963
2026-01-29T12:57:54.357685,LIMOUS,bd1f4607-bc53-4ea9-b21b-9f48ba07fec9,2026-01-29T12:52:49,2026-01-29T12:57:54,48,42,0.875
2026-01-29T17:04:29.641421,LIMOUS,a5216ddc-ad2a-4df5-a686-d50d85e92776,2026-01-29T16:59:18,2026-01-29T17:04:29,43,41,0.9535
2026-01-29T17:09:49.765163,LIMOUS,2f695f27-c488-41e3-868d-0362980fbd91,2026-01-29T17:04:43,2026-01-29T17:09:49,42,39,0.9286
2026-01-29T19:10:40.863869,LIMOUS,ac285416-94f3-4ffc-956e-43da48a33414,2026-01-29T19:05:38,2026-01-29T19:10:40,46,45,0.9783
2026-01-29T19:51:34.508842,LIMOUS,758cc994-1c2b-4a5f-9196-0451107c233a,2026-01-29T19:46:28,2026-01-29T19:51:34,44,41,0.9318
2026-01-30T15:50:15.953410,LIMOUS,70274c50-e5ca-47ef-822b-d4a775ccc9f7,2026-01-30T15:44:54,2026-01-30T15:50:15,40,40,1.0
2026-01-30T18:08:44.999397,LIMOUS,40760772-e3d7-4063-bd26-609ec107de4a,2026-01-30T18:03:44,2026-01-30T18:08:44,42,42,1.0
2026-01-30T19:41:34.626294,LIMOUS,28e28910-1f29-43fa-b80d-c6fe70aa7cd4,2026-01-30T19:36:32,2026-01-30T19:41:34,46,43,0.9348
2026-01-30T20:06:23.880694,LIMOUS,0dc9a2e6-86d9-427a-abd8-5515d3300d29,2026-01-30T20:01:23,2026-01-30T20:06:23,25,19,0.76
2026-01-30T20:16:20.693984,LIMOUS,325f2d26-458a-42b9-8e3c-d3c5c6d4464e,2026-01-30T20:11:09,2026-01-30T20:16:20,34,33,0.9706
2026-01-31T03:18:47.848967,LIMOUS,93e8889c-f89d-419b-a2b4-a268f5138490,2026-01-31T03:13:45,2026-01-31T03:18:47,44,42,0.9545
2026-01-31T03:37:51.828503,LIMOUS,d73796e7-6e76-483f-a22e-6c3383f7d4cf,2026-01-31T03:32:44,2026-01-31T03:37:51,40,38,0.95
2026-01-31T03:49:32.297803,LIMOUS,6bb3bf7f-7f85-466c-ad6d-3b7556fa0228,2026-01-31T03:44:29,2026-01-31T03:49:32,42,41,0.9762
2026-01-31T04:04:07.502541,LIMOUS,a52a2906-4ed5-4fe9-a211-ae196c540a61,2026-01-31T03:58:57,2026-01-31T04:04:07,46,46,1.0
2026-01-31T11:41:15.781907,LIMOUS,cee79ff5-c400-4a8b-b791-4c8f010d7db4,2026-01-31T11:36:14,2026-01-31T11:41:15,41,40,0.9756
2026-01-31T12:10:10.182280,LIMOUS,7d4ae0cf-f5e6-4b96-b515-385a5cfc975b,2026-01-31T12:05:08,2026-01-31T12:10:10,45,43,0.9556
2026-01-31T13:37:14.166865,LIMOUS,e5d3574d-9e73-4dcd-a48f-5e63dab6f1b0,2026-01-31T13:32:02,2026-01-31T13:37:14,30,25,0.8333
2026-02-01T02:14:40.656390,LIMOUS,7723995d-eaea-4bd3-8dbf-c406b7fcf8bf,2026-02-01T02:09:36,2026-02-01T02:14:40,47,45,0.9574
2026-02-01T02:26:30.936358,LIMOUS,0cc20c96-5b85-4c2b-ab0c-331dd96e5279,2026-02-01T02:21:30,2026-02-01T02:26:30,41,40,0.9756
2026-02-01T02:41:06.715858,LIMOUS,cd7735b1-bab8-46cb-b6bb-1b80c3cebbb7,2026-02-01T02:35:56,2026-02-01T02:41:06,44,42,0.9545
2026-02-01T02:55:19.276418,LIMOUS,49c2d8fb-8324-4eaa-96ca-6f3e0bb85571,2026-02-01T02:50:13,2026-02-01T02:55:19,45,41,0.9111
2026-02-01T14:14:49.540942,LIMOUS,61446d66-0cda-4f5f-971a-0a46b66ce788,2026-02-01T14:09:20,2026-02-01T14:14:49,33,29,0.8788
2026-02-01T21:08:08.201816,LIMOUS,b7a7c42f-784a-4ed4-88ee-842e91365c53,2026-02-01T21:03:04,2026-02-01T21:08:08,41,40,0.9756
2026-02-01T21:29:19.614764,LIMOUS,eb87659f-ba6a-4ce3-a213-f4b5d49d6cce,2026-02-01T21:24:13,2026-02-01T21:29:19,46,44,0.9565
2026-02-02T11:21:18.889017,LIMOUS,33fa0b6c-8031-42fc-87ce-f069452a366b,2026-02-02T11:16:18,2026-02-02T11:21:18,48,46,0.9583
2026-02-02T14:13:14.008141,LIMOUS,a9a1be3d-850d-4a69-b482-6b55241ed755,2026-02-02T14:08:07,2026-02-02T14:13:14,38,35,0.9211
2026-02-02T21:29:26.691392,LIMOUS,187bd426-7c30-4543-b1ac-90b48fd6c599,2026-02-02T21:24:16,2026-02-02T21:29:26,44,41,0.9318
2026-02-04T02:18:34.630984,LIMOUS,3397f1f0-fff1-4b2a-855d-ae4c912d739c,2026-02-04T02:13:31,2026-02-04T02:18:34,41,39,0.9512
2026-02-04T02:24:53.266840,LIMOUS,dfded839-f8a2-41df-8651-04aa7e8ca12c,2026-02-04T02:19:47,2026-02-04T02:24:53,43,41,0.9535
2026-02-04T12:04:49.252138,LIMOUS,e47a6ac2-91e5-4799-b56f-678e0a55a399,2026-02-04T11:59:40,2026-02-04T12:04:49,41,38,0.9268
2026-02-04T18:58:09.601686,LIMOUS,519c46f2-4ac2-42af-96e1-931bac2f05b6,2026-02-04T18:53:06,2026-02-04T18:58:09,38,36,0.9474
2026-02-05T14:17:01.517093,LIMOUS,a1093b00-7714-4ec2-a1a7-92fdd4b46ec0,2026-02-05T14:11:55,2026-02-05T14:17:01,44,42,0.9545
2026-02-05T14:19:06.314398,LIMOUS,8708f5ea-ea10-4e7e-b07d-7a875c831315,2026-02-05T14:18:15,2026-02-05T14:19:06,15,15,1.0
2026-02-05T17:09:34.816832,LIMOUS,6cc287d0-9bf3-4aa8-8b0f-bcbb7f198b28,2026-02-05T17:04:34,2026-02-05T17:09:34,31,28,0.9032
2026-02-06T02:07:18.557894,LIMOUS,46333f02-e615-4df6-ada4-6b5e2368f9f8,2026-02-06T02:02:15,2026-02-06T02:07:18,45,39,0.8667
2026-04-14T18:48:10.537238,LIMOUS,aef03576-02b7-42ce-b8e0-36d89f23d9cf,2026-04-14T18:43:06,2026-04-14T18:48:10,24,20,0.8333
2026-04-14T18:55:08.154359,LIMOUS,c8b0cc3c-4bb6-46c6-bc03-dc465767ca05,2026-04-14T18:49:58,2026-04-14T18:55:08,46,41,0.8913
